uniqueid,Start time,Completion time,My sleep is affected by my study commitments,I achieve good quality sleep,My electronic device usage negatively affects my sleep,Tiredness interferes with my concentration,"My sleep is disturbed by external factors e.g. loud cars, housemates, lights, children...",I often achieve eight hours of sleep,I regularly stay up past 11pm
60120734ec,2020-11-27T14:21:20Z,2020-11-27T14:22:47Z,Agree,Agree,Disagree,Strongly agree,Strongly agree,Disagree,Disagree
d0a92dec4b,2020-11-26T11:15:36Z,2020-11-26T11:16:37Z,Somewhat agree,Agree,Strongly agree,Somewhat agree,Disagree,Somewhat agree,Disagree
10eb3ee84d,2020-11-27T09:14:42Z,2020-11-27T09:18:33Z,Somewhat disagree,Somewhat agree,Somewhat disagree,Somewhat agree,Somewhat disagree,Somewhat agree,Somewhat agree
382eb4881a,2020-11-27T14:20:08Z,2020-11-27T14:22:10Z,Agree,Somewhat agree,Agree,Strongly agree,Somewhat agree,Neither agree nor disagree,Somewhat agree
371af06767,2020-11-27T14:24:28Z,2020-11-27T14:27:05Z,Somewhat agree,Somewhat disagree,Agree,Strongly agree,Agree,Disagree,Agree
3d112ce80d,2020-11-27T02:06:07Z,2020-11-27T02:06:53Z,Disagree,Strongly disagree,Somewhat agree,Disagree,Strongly disagree,Strongly disagree,Somewhat disagree
694d608e96,2020-11-27T11:11:28Z,2020-11-27T11:12:57Z,Neither agree nor disagree,Somewhat disagree,Agree,Strongly agree,Somewhat agree,Somewhat disagree,Strongly agree
4a40175756,2020-11-27T14:20:20Z,2020-11-27T14:20:58Z,Somewhat agree,Somewhat agree,Agree,Somewhat agree,Disagree,Somewhat agree,Strongly agree
de2cc7f322,2020-11-27T14:19:42Z,2020-11-27T14:22:50Z,Neither agree nor disagree,Agree,Neither agree nor disagree,Agree,Somewhat disagree,Strongly agree,Somewhat disagree
b3e6fe9098,2020-11-26T11:12:04Z,2020-11-26T11:14:49Z,Somewhat agree,Somewhat disagree,Somewhat agree,Agree,Agree,Somewhat agree,Strongly agree
3d66d6122d,2020-11-26T15:22:21Z,2020-11-26T15:23:19Z,Strongly agree,Disagree,Strongly agree,Strongly agree,Strongly agree,Disagree,Strongly agree
89e475a1e2,2020-11-26T11:19:57Z,2020-11-26T11:23:06Z,Strongly agree,Somewhat agree,Disagree,Strongly agree,Disagree,Strongly disagree,Strongly agree
b43f2f9149,2020-11-26T11:14:14Z,2020-11-26T11:15:43Z,Somewhat disagree,Neither agree nor disagree,Agree,Agree,Somewhat agree,Agree,Somewhat agree
ee6a502316,2020-11-26T11:20:26Z,2020-11-26T11:21:10Z,Somewhat agree,Disagree,Agree,Agree,Somewhat agree,Disagree,Strongly agree
cc8082ca43,2020-11-26T14:13:29Z,2020-11-26T14:15:01Z,Somewhat agree,Agree,Neither agree nor disagree,Neither agree nor disagree,Somewhat agree,Disagree,Agree
5a75e35a9e,2020-11-26T11:07:38Z,2020-11-26T11:10:50Z,Strongly agree,Somewhat disagree,Agree,Strongly agree,Strongly agree,Somewhat agree,Strongly agree
1497ffd89f,2020-11-27T11:13:17Z,2020-11-27T11:14:47Z,Somewhat agree,Somewhat disagree,Somewhat agree,Agree,Disagree,Somewhat agree,Strongly agree
abe35ed396,2020-11-26T11:17:10Z,2020-11-26T11:17:52Z,Agree,Disagree,Strongly agree,Agree,Somewhat disagree,Strongly agree,Strongly agree
880f9af842,2020-11-26T09:20:30Z,2020-11-26T09:21:16Z,Disagree,Strongly disagree,Somewhat disagree,Strongly agree,Somewhat agree,Strongly disagree,Strongly agree
01ab2f96e7,2020-11-27T14:13:54Z,2020-11-27T14:16:41Z,Agree,Disagree,Somewhat agree,Strongly agree,Agree,Strongly disagree,Strongly agree
a958509686,2020-11-27T09:18:04Z,2020-11-27T09:19:15Z,Somewhat agree,Somewhat agree,Somewhat agree,Strongly agree,Somewhat agree,Neither agree nor disagree,Agree
b6d4021303,2020-11-26T13:26:36Z,2020-11-26T13:28:07Z,Strongly disagree,Agree,Somewhat disagree,Strongly agree,Somewhat disagree,Strongly agree,Strongly agree
c61ef74d08,2020-11-27T11:12:13Z,2020-11-27T11:12:54Z,Somewhat agree,Disagree,Somewhat agree,Agree,Somewhat agree,Somewhat disagree,Agree
1f6128ed75,2020-11-26T11:09:59Z,2020-11-26T11:10:47Z,Somewhat agree,Somewhat agree,Somewhat agree,Agree,Agree,Agree,Somewhat disagree
fe8954f04f,2020-11-27T09:15:03Z,2020-11-27T09:15:57Z,Neither agree nor disagree,Agree,Disagree,Somewhat agree,Strongly disagree,Strongly agree,Somewhat disagree
b5674bb470,2020-11-26T09:11:53Z,2020-11-26T09:12:46Z,Strongly disagree,Agree,Disagree,Disagree,Disagree,Agree,Agree
ec4c85788b,2020-11-27T11:17:52Z,2020-11-27T11:19:57Z,Neither agree nor disagree,Disagree,Strongly agree,Agree,Neither agree nor disagree,Strongly disagree,Strongly agree
ffb0b16cbe,2020-11-27T09:51:32Z,2020-11-27T09:53:17Z,Agree,Somewhat disagree,Agree,Somewhat agree,Disagree,Strongly disagree,Strongly agree
5a8f333321,2020-11-27T14:16:01Z,2020-11-27T14:18:23Z,Somewhat agree,Somewhat agree,Strongly agree,Strongly agree,Somewhat disagree,Somewhat agree,Strongly agree
72f7717b51,2020-11-27T09:13:54Z,2020-11-27T09:19:26Z,Agree,Neither agree nor disagree,Somewhat agree,Strongly agree,Somewhat disagree,Agree,Agree
83b7a9c75e,2020-11-27T14:14:23Z,2020-11-27T14:14:52Z,Strongly disagree,Agree,Somewhat agree,Neither agree nor disagree,Strongly disagree,Agree,Somewhat agree
7aa074c54a,2020-11-26T11:18:17Z,2020-11-26T11:19:23Z,Somewhat agree,Disagree,Somewhat agree,Strongly agree,Somewhat agree,Somewhat agree,Somewhat agree
0ceae554d5,2020-11-26T14:12:38Z,2020-11-26T14:14:07Z,Somewhat agree,Disagree,Somewhat agree,Agree,Agree,Strongly disagree,Strongly disagree
22ab7f269c,2020-11-27T14:14:31Z,2020-11-27T14:17:39Z,Agree,Somewhat disagree,Strongly agree,Agree,Somewhat agree,Neither agree nor disagree,Strongly agree
41fbce2132,2020-11-27T11:23:36Z,2020-11-27T11:25:01Z,Somewhat agree,Somewhat disagree,Somewhat agree,Agree,Agree,Disagree,Disagree
31be5d26b8,2020-11-26T14:34:53Z,2020-11-26T14:35:33Z,Strongly agree,Somewhat disagree,Strongly disagree,Neither agree nor disagree,Strongly agree,Strongly disagree,Strongly agree
d0d7536654,2020-11-26T09:16:55Z,2020-11-26T09:17:47Z,Agree,Strongly disagree,Somewhat agree,Agree,Agree,Disagree,Agree
5a4413f820,2020-11-27T09:29:36Z,2020-11-27T09:30:54Z,Agree,Somewhat agree,Neither agree nor disagree,Somewhat agree,Disagree,Agree,Strongly agree
3e34bfcf47,2020-11-27T09:11:33Z,2020-11-27T09:14:15Z,Somewhat agree,Somewhat agree,Strongly agree,Agree,Somewhat disagree,Somewhat agree,Somewhat agree
4b692f18cb,2020-11-30T08:54:50Z,2020-11-30T08:55:46Z,Somewhat agree,Somewhat agree,Disagree,Somewhat agree,Disagree,Neither agree nor disagree,Somewhat agree
779cabdb52,2020-11-27T09:26:48Z,2020-11-27T09:27:29Z,Somewhat agree,Agree,Disagree,Agree,Strongly disagree,Somewhat disagree,Strongly agree
38797bc61b,2020-11-26T11:10:30Z,2020-11-26T11:11:21Z,Agree,Somewhat disagree,Agree,Somewhat disagree,Agree,Somewhat disagree,Strongly agree
1ac4dfd50a,2020-11-27T11:18:24Z,2020-11-27T11:20:12Z,Somewhat disagree,Agree,Somewhat disagree,Agree,Disagree,Agree,Agree
ae87bc5f9b,2020-11-27T09:15:34Z,2020-11-27T09:17:32Z,Agree,Somewhat disagree,Agree,Agree,Agree,Somewhat disagree,Agree
5ce22a3cc6,2020-11-27T09:27:30Z,2020-11-27T09:28:10Z,Agree,Disagree,Strongly agree,Strongly agree,Disagree,Disagree,Strongly agree
47e7fbe2a2,2020-11-27T14:11:19Z,2020-11-27T14:11:57Z,Somewhat agree,Agree,Somewhat agree,Agree,Disagree,Agree,Agree
5b455d550e,2020-11-27T09:23:03Z,2020-11-27T09:24:21Z,Agree,Agree,Somewhat agree,Strongly agree,Agree,Somewhat disagree,Disagree
c985e461b8,2020-11-26T11:46:43Z,2020-11-26T11:47:21Z,Somewhat agree,Agree,Strongly agree,Strongly agree,Somewhat disagree,Disagree,Strongly agree
389739a6a5,2020-11-27T09:15:58Z,2020-11-27T09:16:57Z,Somewhat agree,Somewhat agree,Agree,Agree,Somewhat disagree,Somewhat agree,Somewhat agree
00b905802d,2020-11-26T14:16:18Z,2020-11-26T14:18:37Z,Strongly agree,Somewhat disagree,Agree,Strongly agree,Strongly agree,Disagree,Strongly agree
c00b02da26,2020-11-26T14:09:22Z,2020-11-26T14:10:09Z,Strongly agree,Disagree,Somewhat agree,Strongly agree,Somewhat disagree,Strongly disagree,Agree
6d2d3b0a1a,2020-11-27T11:13:09Z,2020-11-27T11:14:44Z,Somewhat agree,Somewhat disagree,Neither agree nor disagree,Somewhat agree,Somewhat agree,Somewhat agree,Somewhat disagree
aac1327383,2020-11-27T14:10:58Z,2020-11-27T14:13:40Z,Strongly agree,Strongly disagree,Somewhat disagree,Strongly agree,Strongly agree,Strongly disagree,Strongly agree
da9eff6594,2020-11-27T09:13:24Z,2020-11-27T09:14:15Z,Strongly agree,Somewhat agree,Agree,Strongly agree,Somewhat agree,Neither agree nor disagree,Strongly agree
c51ca10f04,2020-11-26T09:12:52Z,2020-11-26T09:13:32Z,Strongly agree,Somewhat disagree,Agree,Agree,Strongly agree,Agree,Agree
346259afdc,2020-11-27T11:16:52Z,2020-11-27T11:18:26Z,Agree,Disagree,Neither agree nor disagree,Agree,Somewhat agree,Agree,Strongly agree
8455e99d5e,2020-11-27T11:14:40Z,2020-11-27T11:16:06Z,Somewhat agree,Somewhat agree,Disagree,Agree,Somewhat agree,Somewhat agree,Strongly agree
8ed53e632f,2020-11-26T09:18:04Z,2020-11-26T09:19:53Z,Neither agree nor disagree,Somewhat disagree,Somewhat disagree,Somewhat agree,Somewhat disagree,Somewhat disagree,Somewhat disagree
660998aef1,2020-11-27T09:25:07Z,2020-11-27T09:28:30Z,Somewhat agree,Somewhat agree,Agree,Agree,Somewhat agree,Somewhat agree,Strongly agree
19652d1ba0,2020-11-26T10:20:30Z,2020-11-26T10:23:35Z,Neither agree nor disagree,Disagree,Strongly agree,Agree,Disagree,Strongly disagree,Strongly disagree
8560dbdc32,2020-11-26T09:22:37Z,2020-11-26T09:24:18Z,Strongly disagree,Somewhat agree,Somewhat disagree,Agree,Somewhat disagree,Disagree,Strongly agree
c51881d0ab,2020-11-27T14:17:29Z,2020-11-27T14:18:39Z,Strongly agree,Strongly disagree,Somewhat agree,Agree,Somewhat agree,Strongly disagree,Strongly agree
dbb832691b,2020-11-27T11:11:04Z,2020-11-27T11:13:16Z,Strongly disagree,Strongly agree,Disagree,Somewhat agree,Somewhat disagree,Strongly agree,Agree
ccba950bd7,2020-11-26T14:18:07Z,2020-11-26T14:19:49Z,Strongly agree,Somewhat disagree,Neither agree nor disagree,Agree,Disagree,Strongly disagree,Neither agree nor disagree
a4614d86ae,2020-11-26T11:10:37Z,2020-11-26T11:11:21Z,Somewhat agree,Somewhat agree,Neither agree nor disagree,Strongly agree,Agree,Somewhat disagree,Strongly agree
b928cfeeb0,2020-11-26T14:21:21Z,2020-11-26T14:22:49Z,Agree,Somewhat agree,Agree,Agree,Disagree,Somewhat agree,Strongly agree
b1f61d8295,2020-11-27T09:21:10Z,2020-11-27T09:22:13Z,Somewhat agree,Neither agree nor disagree,Somewhat agree,Agree,Neither agree nor disagree,Somewhat disagree,Neither agree nor disagree
5617e7dd7b,2020-11-27T09:20:52Z,2020-11-27T09:21:53Z,Agree,Strongly disagree,Agree,Strongly agree,Somewhat agree,Somewhat agree,Strongly agree
28f2b28f2f,2020-11-27T09:16:07Z,2020-11-27T09:17:20Z,Somewhat agree,Strongly disagree,Strongly agree,Strongly agree,Somewhat agree,Disagree,Strongly agree
d857a1a885,2020-11-26T09:22:41Z,2020-11-26T09:24:13Z,Somewhat agree,Neither agree nor disagree,Strongly agree,Strongly agree,Neither agree nor disagree,Somewhat agree,Agree
f00c5ca58c,2020-11-26T10:25:40Z,2020-11-26T10:26:14Z,Somewhat agree,Somewhat disagree,Neither agree nor disagree,Somewhat agree,Somewhat agree,Disagree,Somewhat agree
2722e61e84,2020-11-26T14:15:43Z,2020-11-26T14:19:17Z,Somewhat agree,Disagree,Neither agree nor disagree,Agree,Neither agree nor disagree,Neither agree nor disagree,Agree
4f849bdcaa,2020-11-26T11:13:53Z,2020-11-26T11:14:57Z,Strongly disagree,Strongly agree,Strongly disagree,Strongly agree,Disagree,Strongly agree,Strongly agree
809b462b55,2020-11-26T14:14:40Z,2020-11-26T14:15:44Z,Disagree,Agree,Neither agree nor disagree,Strongly disagree,Strongly disagree,Disagree,Disagree
204ba22692,2020-11-26T11:08:44Z,2020-11-26T11:09:39Z,Agree,Disagree,Agree,Agree,Disagree,Somewhat agree,Strongly agree
e1493f47f7,2020-11-26T11:16:34Z,2020-11-26T11:18:01Z,Agree,Somewhat agree,Strongly agree,Strongly agree,Strongly agree,Somewhat agree,Disagree
50a3afb7c1,2020-11-27T09:14:16Z,2020-11-27T09:15:06Z,Somewhat agree,Agree,Agree,Strongly agree,Agree,Somewhat agree,Somewhat agree
6508b073f4,2020-11-26T11:15:10Z,2020-11-26T11:15:55Z,Disagree,Agree,Disagree,Somewhat disagree,Strongly disagree,Agree,Somewhat agree
4c318c100e,2020-11-26T14:59:43Z,2020-11-26T15:00:36Z,Strongly agree,Strongly disagree,Neither agree nor disagree,Strongly agree,Disagree,Strongly disagree,Somewhat agree
762f30ad94,2020-11-27T15:24:35Z,2020-11-27T15:25:34Z,Strongly agree,Disagree,Agree,Agree,Somewhat agree,Disagree,Strongly agree
173cc17873,2020-11-27T14:15:35Z,2020-11-27T14:16:11Z,Agree,Disagree,Agree,Strongly agree,Agree,Disagree,Strongly agree
d12d79c755,2020-11-29T22:26:19Z,2020-11-29T22:27:09Z,Strongly agree,Disagree,Somewhat disagree,Somewhat agree,Agree,Strongly disagree,Strongly agree
e828daa59d,2020-11-27T14:10:38Z,2020-11-27T14:11:39Z,Strongly agree,Neither agree nor disagree,Somewhat agree,Strongly agree,Somewhat agree,Neither agree nor disagree,Strongly agree
a02e551405,2020-11-27T11:12:55Z,2020-11-27T11:13:47Z,Somewhat agree,Agree,Somewhat agree,Neither agree nor disagree,Disagree,Agree,Agree
b2af77796b,2020-11-26T11:11:05Z,2020-11-26T11:11:40Z,Somewhat disagree,Agree,Somewhat disagree,Somewhat agree,Somewhat disagree,Agree,Agree
506dd240a9,2020-11-27T11:15:11Z,2020-11-27T11:15:52Z,Disagree,Somewhat disagree,Disagree,Agree,Strongly disagree,Disagree,Somewhat agree
61e59ca80b,2020-11-27T09:33:50Z,2020-11-27T09:35:46Z,Somewhat agree,Agree,Somewhat agree,Agree,Disagree,Strongly agree,Strongly agree
e57529cd7c,2020-11-27T11:11:38Z,2020-11-27T11:12:25Z,Agree,Somewhat agree,Somewhat agree,Agree,Strongly agree,Agree,Strongly agree
6292443105,2020-11-26T11:30:19Z,2020-11-26T11:31:48Z,Somewhat disagree,Agree,Somewhat agree,Agree,Disagree,Strongly agree,Disagree
ec952be578,2020-11-27T11:27:14Z,2020-11-27T11:27:47Z,Agree,Somewhat agree,Somewhat agree,Strongly agree,Somewhat disagree,Agree,Agree
b835621afe,2020-11-26T14:23:02Z,2020-11-26T14:25:02Z,Agree,Somewhat agree,Agree,Strongly agree,Somewhat agree,Agree,Strongly agree
3c77acee06,2020-11-26T11:21:46Z,2020-11-26T11:24:43Z,Somewhat agree,Somewhat disagree,Agree,Strongly agree,Somewhat agree,Somewhat agree,Agree
92ef237278,2020-11-26T14:14:30Z,2020-11-26T14:15:52Z,Somewhat agree,Agree,Somewhat disagree,Somewhat agree,Disagree,Agree,Disagree
b990042619,2020-11-26T09:18:15Z,2020-11-26T09:19:39Z,Somewhat agree,Strongly disagree,Agree,Agree,Disagree,Strongly disagree,Strongly agree
455e86c920,2020-11-27T14:13:37Z,2020-11-27T14:14:09Z,Somewhat disagree,Somewhat agree,Strongly agree,Strongly agree,Strongly agree,Neither agree nor disagree,Strongly agree
c0c288d8a3,2020-11-26T14:14:53Z,2020-11-26T14:15:46Z,Neither agree nor disagree,Agree,Neither agree nor disagree,Somewhat agree,Neither agree nor disagree,Agree,Somewhat agree
455c8db493,2020-11-27T11:11:47Z,2020-11-27T11:13:46Z,Somewhat agree,Neither agree nor disagree,Somewhat agree,Agree,Agree,Disagree,Strongly disagree
879d9de58d,2020-11-26T11:14:49Z,2020-11-26T11:17:21Z,Somewhat agree,Somewhat agree,Somewhat agree,Neither agree nor disagree,Somewhat disagree,Strongly agree,Somewhat agree
25e3cebb9e,2020-11-26T11:11:23Z,2020-11-26T11:12:49Z,Agree,Disagree,Strongly disagree,Strongly agree,Disagree,Disagree,Strongly agree
bbb836a4a8,2020-11-26T14:22:21Z,2020-11-26T14:23:33Z,Agree,Disagree,Disagree,Strongly agree,Somewhat agree,Disagree,Strongly agree
1654823600,2020-11-26T09:24:30Z,2020-11-26T09:25:17Z,Somewhat agree,Somewhat agree,Strongly agree,Agree,Disagree,Agree,Strongly agree
80cff3a78b,2020-11-26T11:02:26Z,2020-11-26T11:03:23Z,Somewhat agree,Somewhat disagree,Agree,Agree,Somewhat agree,Disagree,Strongly agree
d7f029014a,2020-11-26T14:14:18Z,2020-11-26T14:14:59Z,Somewhat agree,Strongly disagree,Disagree,Strongly agree,Agree,Strongly disagree,Agree
38a8142899,2020-11-27T09:14:36Z,2020-11-27T09:15:53Z,Somewhat agree,Neither agree nor disagree,Somewhat agree,Agree,Agree,Disagree,Agree
175f72c3ee,2020-11-27T12:34:10Z,2020-11-27T12:34:43Z,Strongly agree,Somewhat disagree,Agree,Strongly agree,Somewhat disagree,Somewhat agree,Strongly agree
82b9a31f8b,2020-11-26T09:31:12Z,2020-11-26T10:23:12Z,Neither agree nor disagree,Somewhat agree,Somewhat disagree,Agree,Agree,Neither agree nor disagree,Strongly agree
87cbc06116,2020-11-27T09:22:09Z,2020-11-27T09:23:56Z,Somewhat agree,Somewhat disagree,Somewhat agree,Agree,Neither agree nor disagree,Neither agree nor disagree,Strongly agree
de4a8fcf2a,2020-11-27T11:24:42Z,2020-11-27T11:25:14Z,Strongly agree,Disagree,Agree,Agree,Strongly disagree,Strongly disagree,Strongly agree
f4c1673354,2020-11-26T09:15:39Z,2020-11-26T09:17:16Z,Somewhat agree,Agree,Agree,Agree,Somewhat agree,Somewhat agree,Strongly agree
fc63dcf06d,2020-11-26T14:19:42Z,2020-11-26T14:21:25Z,Strongly agree,Disagree,Somewhat agree,Strongly agree,Strongly agree,Strongly disagree,Neither agree nor disagree
1e54183579,2020-11-27T11:14:09Z,2020-11-27T11:15:24Z,Somewhat agree,Neither agree nor disagree,Agree,Agree,Somewhat disagree,Agree,Strongly agree
8ae9190823,2020-11-26T09:18:41Z,2020-11-26T09:19:36Z,Somewhat agree,Somewhat disagree,Strongly agree,Agree,Agree,Somewhat agree,Strongly agree
243c012b3f,2020-11-26T09:11:12Z,2020-11-26T09:15:00Z,Somewhat agree,Somewhat agree,Neither agree nor disagree,Strongly agree,Agree,Strongly agree,Agree
6574f6fdd2,2020-11-26T14:15:17Z,2020-11-26T14:16:52Z,Somewhat agree,Agree,Disagree,Agree,Somewhat agree,Somewhat agree,Somewhat agree
5d4bcd90f1,2020-11-27T11:18:33Z,2020-11-27T11:21:11Z,Somewhat agree,Somewhat agree,Agree,Strongly agree,Disagree,Agree,Disagree
13416e1140,2020-11-26T11:12:40Z,2020-11-26T11:13:47Z,Somewhat agree,Neither agree nor disagree,Somewhat agree,Agree,Neither agree nor disagree,Neither agree nor disagree,Strongly agree
82f99a6b8e,2020-11-26T09:16:31Z,2020-11-26T09:18:05Z,Strongly agree,Strongly agree,Disagree,Somewhat agree,Somewhat agree,Strongly agree,Disagree
222af9fd30,2020-11-27T14:13:04Z,2020-11-27T14:15:33Z,Agree,Disagree,Agree,Agree,Disagree,Agree,Neither agree nor disagree
3245b5a2b5,2020-11-26T09:30:14Z,2020-11-26T09:31:03Z,Disagree,Disagree,Somewhat agree,Agree,Neither agree nor disagree,Neither agree nor disagree,Agree
8a74b533e8,2020-11-26T09:15:32Z,2020-11-26T09:16:23Z,Somewhat agree,Somewhat agree,Somewhat agree,Neither agree nor disagree,Somewhat disagree,Neither agree nor disagree,Somewhat agree
3887ca7da6,2020-11-26T09:14:07Z,2020-11-26T09:15:05Z,Agree,Disagree,Agree,Strongly agree,Somewhat disagree,Disagree,Strongly agree
fd03ccfcc2,2020-11-26T09:15:06Z,2020-11-26T09:16:07Z,Disagree,Agree,Somewhat agree,Disagree,Strongly disagree,Agree,Strongly agree
8c51b6eb65,2020-11-27T09:19:38Z,2020-11-27T09:21:05Z,Strongly agree,Agree,Strongly agree,Strongly agree,Agree,Agree,Strongly agree
3f92133e4a,2020-11-27T09:18:21Z,2020-11-27T09:19:22Z,Agree,Strongly disagree,Agree,Agree,Agree,Disagree,Strongly agree
06e5c36a6a,2020-11-27T11:12:51Z,2020-11-27T11:14:16Z,Somewhat agree,Somewhat disagree,Agree,Somewhat agree,Somewhat disagree,Somewhat agree,Strongly agree
c6eb3ebb5c,2020-11-26T11:21:05Z,2020-11-26T11:23:18Z,Strongly agree,Agree,Neither agree nor disagree,Strongly agree,Disagree,Agree,Somewhat agree
9b479a21db,2020-11-26T09:14:04Z,2020-11-26T09:17:17Z,Somewhat agree,Somewhat agree,Disagree,Somewhat agree,Agree,Agree,Agree
6689a8f778,2020-11-26T14:23:09Z,2020-11-26T14:23:45Z,Agree,Strongly disagree,Somewhat agree,Somewhat agree,Somewhat agree,Strongly disagree,Strongly agree
426a13a83d,2020-11-27T11:12:48Z,2020-11-27T11:14:03Z,Somewhat agree,Strongly agree,Disagree,Strongly agree,Agree,Strongly agree,Disagree
c12f3f6d8e,2020-11-27T14:18:37Z,2020-11-27T14:19:38Z,Somewhat agree,Somewhat agree,Somewhat disagree,Agree,Somewhat agree,Agree,Somewhat agree
259a551661,2020-11-27T11:15:12Z,2020-11-27T11:16:08Z,Somewhat disagree,Agree,Somewhat agree,Strongly agree,Disagree,Agree,Strongly agree
a11c1edbff,2020-11-27T11:10:55Z,2020-11-27T11:12:33Z,Somewhat agree,Somewhat disagree,Somewhat agree,Agree,Disagree,Disagree,Strongly agree
5cf5ec229c,2020-11-27T09:12:57Z,2020-11-27T09:13:41Z,Agree,Disagree,Somewhat agree,Somewhat agree,Somewhat disagree,Strongly disagree,Strongly agree
75019cc3d6,2020-11-27T11:18:28Z,2020-11-27T11:20:57Z,Somewhat agree,Strongly disagree,Somewhat agree,Somewhat agree,Somewhat agree,Disagree,Strongly agree
bd8c05d34d,2020-11-26T08:14:43Z,2020-11-26T08:15:30Z,Strongly agree,Disagree,Disagree,Strongly agree,Strongly agree,Strongly disagree,Agree
cfd173037f,2020-11-27T09:12:55Z,2020-11-27T09:13:26Z,Somewhat agree,Agree,Agree,Strongly agree,Neither agree nor disagree,Agree,Somewhat agree
2a055735c4,2020-11-27T11:17:14Z,2020-11-27T11:19:11Z,Strongly agree,Somewhat disagree,Somewhat agree,Agree,Agree,Somewhat agree,Somewhat agree
11813b71d3,2020-11-27T14:12:29Z,2020-11-27T14:13:01Z,Agree,Somewhat agree,Disagree,Agree,Strongly agree,Somewhat agree,Agree
120b3beeaf,2020-11-27T11:14:14Z,2020-11-27T11:15:09Z,Somewhat agree,Somewhat agree,Neither agree nor disagree,Somewhat agree,Agree,Somewhat agree,Agree
301417186c,2020-11-26T09:14:23Z,2020-11-26T09:15:30Z,Disagree,Somewhat agree,Disagree,Somewhat agree,Somewhat agree,Agree,Agree
e374dcb5c5,2020-11-27T11:12:02Z,2020-11-27T11:13:20Z,Agree,Neither agree nor disagree,Somewhat disagree,Somewhat disagree,Somewhat agree,Disagree,Somewhat agree
e21ac9f5a5,2020-11-27T11:14:42Z,2020-11-27T11:15:22Z,Somewhat agree,Strongly agree,Somewhat agree,Strongly agree,Somewhat disagree,Strongly agree,Agree
0e28c3c4be,2020-11-26T09:17:04Z,2020-11-26T09:18:54Z,Agree,Agree,Agree,Strongly agree,Somewhat agree,Agree,Strongly agree
d118347494,2020-11-27T09:03:36Z,2020-11-27T09:04:51Z,Disagree,Agree,Disagree,Agree,Neither agree nor disagree,Disagree,Strongly disagree
976f556a93,2020-11-27T11:10:39Z,2020-11-27T11:12:07Z,Somewhat agree,Somewhat disagree,Strongly agree,Strongly agree,Strongly disagree,Somewhat disagree,Agree
e61864df16,2020-11-26T14:47:14Z,2020-11-26T14:48:06Z,Disagree,Disagree,Somewhat agree,Agree,Agree,Strongly disagree,Strongly agree
6ee3759e4d,2020-11-27T10:39:24Z,2020-11-27T11:14:29Z,Strongly agree,Disagree,Somewhat agree,Strongly agree,Agree,Somewhat disagree,Agree
a0b72f8c48,2020-11-26T11:17:49Z,2020-11-26T11:19:01Z,Agree,Disagree,Agree,Strongly agree,Strongly agree,Disagree,Strongly agree
2b1d98277d,2020-11-26T14:33:53Z,2020-11-26T14:35:45Z,Strongly agree,Disagree,Neither agree nor disagree,Agree,Agree,Strongly disagree,Agree
cf21bcf3bd,2020-11-26T14:15:59Z,2020-11-26T14:19:41Z,Neither agree nor disagree,Agree,Somewhat disagree,Agree,Somewhat disagree,Agree,Somewhat disagree
736f0e7b95,2020-11-27T14:13:43Z,2020-11-27T14:16:14Z,Strongly agree,Somewhat disagree,Neither agree nor disagree,Strongly agree,Strongly disagree,Agree,Strongly disagree
f85f74800d,2020-11-26T11:22:04Z,2020-11-26T11:22:47Z,Agree,Somewhat agree,Neither agree nor disagree,Somewhat agree,Agree,Somewhat agree,Somewhat agree
26a5d2c885,2020-11-26T14:32:23Z,2020-11-26T14:42:37Z,Neither agree nor disagree,Somewhat agree,Somewhat disagree,Strongly agree,Somewhat agree,Agree,Strongly agree
22dd74cdc7,2020-11-27T14:13:15Z,2020-11-27T14:13:49Z,Somewhat agree,Agree,Disagree,Strongly agree,Strongly disagree,Strongly agree,Disagree
b55fcd599f,2020-11-26T09:17:54Z,2020-11-26T09:19:33Z,Somewhat agree,Somewhat agree,Strongly agree,Strongly agree,Somewhat agree,Somewhat disagree,Strongly agree
ee4132f47b,2020-11-27T14:25:17Z,2020-11-27T14:26:15Z,Somewhat disagree,Somewhat disagree,Neither agree nor disagree,Agree,Somewhat agree,Somewhat agree,Strongly agree
c4d840fb2a,2020-11-26T09:15:33Z,2020-11-26T09:16:34Z,Agree,Somewhat disagree,Somewhat agree,Agree,Agree,Somewhat agree,Strongly agree
1338277ca7,2020-11-27T11:25:36Z,2020-11-27T11:27:04Z,Strongly agree,Somewhat agree,Somewhat agree,Agree,Somewhat disagree,Somewhat agree,Strongly agree
711c2cf8a3,2020-11-27T09:20:06Z,2020-11-27T09:21:23Z,Somewhat agree,Disagree,Strongly agree,Agree,Disagree,Somewhat disagree,Strongly agree
ee21d54a71,2020-11-27T14:12:13Z,2020-11-27T14:15:35Z,Disagree,Somewhat agree,Agree,Agree,Neither agree nor disagree,Agree,Strongly agree
cff9d2970a,2020-11-26T09:35:44Z,2020-11-26T09:39:50Z,Agree,Somewhat disagree,Agree,Agree,Strongly disagree,Strongly disagree,Strongly agree
be897aa438,2020-11-26T14:15:00Z,2020-11-26T14:17:38Z,Somewhat agree,Neither agree nor disagree,Somewhat disagree,Agree,Disagree,Somewhat disagree,Disagree
922430c712,2020-11-26T14:08:18Z,2020-11-26T14:15:16Z,Agree,Somewhat agree,Neither agree nor disagree,Somewhat agree,Somewhat agree,Agree,Somewhat agree
74c6036c5a,2020-11-26T14:12:46Z,2020-11-26T14:14:23Z,Agree,Somewhat disagree,Agree,Strongly agree,Somewhat agree,Agree,Somewhat agree
6cf2a93dd9,2020-11-26T09:17:59Z,2020-11-26T09:19:45Z,Agree,Somewhat disagree,Strongly agree,Agree,Somewhat agree,Disagree,Agree
f8fbdddad4,2020-11-27T14:14:17Z,2020-11-27T14:16:05Z,Somewhat disagree,Disagree,Somewhat agree,Agree,Strongly agree,Somewhat disagree,Neither agree nor disagree
84bfe8b5b0,2020-11-26T14:09:03Z,2020-11-26T14:09:59Z,Strongly disagree,Strongly agree,Disagree,Disagree,Strongly disagree,Strongly agree,Neither agree nor disagree
b308d4636c,2020-11-26T09:11:38Z,2020-11-26T09:13:08Z,Strongly agree,Neither agree nor disagree,Somewhat agree,Agree,Somewhat disagree,Somewhat agree,Strongly agree
1529f83cc8,2020-11-25T17:40:38Z,2020-11-25T17:40:49Z,Somewhat disagree,Disagree,Somewhat disagree,Disagree,Somewhat disagree,Disagree,Somewhat disagree
5e00894bbd,2020-11-27T11:15:41Z,2020-11-27T11:16:55Z,Disagree,Somewhat agree,Disagree,Strongly agree,Strongly disagree,Strongly agree,Strongly agree
905a8d0bba,2020-11-27T14:13:51Z,2020-11-27T14:15:11Z,Agree,Disagree,Neither agree nor disagree,Agree,Agree,Somewhat disagree,Strongly agree
096c49cd8a,2020-11-26T11:17:41Z,2020-11-26T11:19:42Z,Agree,Agree,Strongly agree,Strongly agree,Neither agree nor disagree,Somewhat disagree,Agree
cab36a82c5,2020-11-27T14:14:12Z,2020-11-27T14:15:24Z,Somewhat agree,Agree,Somewhat agree,Strongly agree,Strongly disagree,Somewhat agree,Strongly agree
275d7f96dc,2020-11-26T11:13:57Z,2020-11-26T11:14:43Z,Somewhat agree,Somewhat agree,Strongly agree,Strongly agree,Disagree,Somewhat agree,Strongly agree
ff0240fc51,2020-11-26T11:09:59Z,2020-11-26T11:10:49Z,Somewhat agree,Agree,Disagree,Agree,Neither agree nor disagree,Somewhat agree,Somewhat disagree
25c54381cd,2020-11-26T11:12:40Z,2020-11-26T11:19:16Z,Strongly agree,Strongly disagree,Agree,Strongly agree,Strongly agree,Strongly disagree,Strongly agree
2ee5641475,2020-11-26T11:19:08Z,2020-11-26T11:20:00Z,Strongly agree,Somewhat disagree,Agree,Agree,Neither agree nor disagree,Disagree,Strongly agree
54b8255362,2020-11-26T09:19:17Z,2020-11-26T09:19:56Z,Somewhat disagree,Agree,Somewhat agree,Agree,Agree,Somewhat agree,Somewhat disagree
c6238f274a,2020-11-27T14:12:50Z,2020-11-27T14:13:50Z,Agree,Strongly disagree,Somewhat agree,Agree,Somewhat agree,Disagree,Strongly agree
0cbb730042,2020-11-26T09:13:26Z,2020-11-26T09:14:01Z,Agree,Disagree,Somewhat agree,Somewhat agree,Somewhat agree,Somewhat disagree,Agree
22cf67ed51,2020-11-26T14:52:13Z,2020-11-26T14:53:14Z,Somewhat agree,Somewhat agree,Agree,Somewhat disagree,Strongly disagree,Agree,Agree
74db260cc9,2020-11-26T09:14:41Z,2020-11-26T09:18:11Z,Somewhat agree,Agree,Agree,Somewhat agree,Agree,Agree,Agree
5cb0b1e1a0,2020-11-26T09:15:16Z,2020-11-26T09:19:28Z,Somewhat agree,Disagree,Somewhat agree,Somewhat agree,Neither agree nor disagree,Agree,Strongly agree
bec6f0addc,2020-11-30T09:07:18Z,2020-11-30T09:08:34Z,Agree,Somewhat agree,Disagree,Somewhat agree,Strongly disagree,Somewhat agree,Somewhat agree
8b291015f5,2020-11-27T09:10:16Z,2020-11-27T09:15:34Z,Somewhat agree,Disagree,Somewhat agree,Strongly agree,Agree,Somewhat agree,Strongly agree
d6e8636688,2020-11-26T14:26:06Z,2020-11-26T14:27:21Z,Somewhat disagree,Somewhat agree,Disagree,Agree,Strongly disagree,Neither agree nor disagree,Somewhat disagree
679df0ff1d,2020-11-27T11:13:35Z,2020-11-27T11:14:26Z,Neither agree nor disagree,Agree,Somewhat agree,Agree,Strongly disagree,Strongly agree,Strongly agree
3cfcf99d67,2020-11-27T09:21:46Z,2020-11-27T09:22:43Z,Strongly agree,Neither agree nor disagree,Disagree,Agree,Strongly agree,Somewhat agree,Neither agree nor disagree
3f5a709ea5,2020-11-26T09:15:22Z,2020-11-26T09:17:06Z,Agree,Somewhat disagree,Disagree,Agree,Somewhat disagree,Disagree,Agree
080f29565b,2020-11-26T14:18:44Z,2020-11-26T14:20:14Z,Agree,Agree,Somewhat agree,Strongly agree,Somewhat agree,Somewhat disagree,Neither agree nor disagree
2a7f43bbba,2020-11-26T09:30:35Z,2020-11-26T09:32:47Z,Somewhat agree,Somewhat disagree,Somewhat agree,Agree,Somewhat agree,Somewhat disagree,Strongly agree
6b1631d235,2020-11-26T14:37:30Z,2020-11-26T14:38:59Z,Agree,Somewhat disagree,Somewhat agree,Strongly agree,Agree,Somewhat agree,Strongly agree
9b4369a809,2020-11-27T09:16:00Z,2020-11-27T09:17:30Z,Neither agree nor disagree,Neither agree nor disagree,Disagree,Agree,Strongly agree,Somewhat agree,Somewhat agree
1f038fbe3e,2020-11-26T14:16:12Z,2020-11-26T14:17:26Z,Strongly agree,Strongly disagree,Agree,Strongly agree,Neither agree nor disagree,Disagree,Agree
03a21dab04,2020-11-26T11:11:39Z,2020-11-26T11:12:20Z,Strongly disagree,Somewhat agree,Disagree,Agree,Somewhat disagree,Disagree,Somewhat agree
5d7b4887c1,2020-11-26T14:14:32Z,2020-11-26T14:16:13Z,Agree,Somewhat disagree,Somewhat agree,Strongly agree,Agree,Strongly disagree,Strongly agree
1e6b22e63f,2020-11-26T14:22:48Z,2020-11-26T14:27:00Z,Strongly agree,Strongly disagree,Strongly disagree,Strongly agree,Disagree,Strongly disagree,Strongly agree
4280f720ee,2020-11-27T09:16:17Z,2020-11-27T09:19:41Z,Agree,Disagree,Somewhat disagree,Agree,Somewhat agree,Strongly disagree,Strongly agree
5d024bf3cc,2020-11-27T11:18:22Z,2020-11-27T11:22:57Z,Somewhat agree,Disagree,Disagree,Agree,Somewhat agree,Strongly agree,Strongly agree
d32b1cede5,2020-11-27T14:18:46Z,2020-11-27T14:19:53Z,Agree,Somewhat agree,Strongly disagree,Agree,Somewhat agree,Strongly disagree,Somewhat agree
7bd9665da0,2020-11-26T14:16:00Z,2020-11-26T14:17:57Z,Strongly agree,Disagree,Disagree,Agree,Strongly disagree,Disagree,Neither agree nor disagree
11c1e5e763,2020-11-25T17:43:10Z,2020-11-25T17:43:22Z,Strongly disagree,Strongly disagree,Strongly disagree,Strongly disagree,Strongly disagree,Strongly disagree,Strongly disagree
11c1e5e763,2020-11-25T17:44:18Z,2020-11-25T17:44:26Z,Strongly disagree,Strongly disagree,Strongly disagree,Strongly disagree,Strongly disagree,Strongly disagree,Strongly disagree
2f5c35e0de,2020-11-26T14:19:12Z,2020-11-26T14:21:15Z,Somewhat agree,Agree,Somewhat agree,Strongly agree,Somewhat agree,Agree,Strongly disagree
93810528a7,2020-11-26T14:17:03Z,2020-11-26T14:19:28Z,Disagree,Strongly agree,Somewhat agree,Agree,Agree,Somewhat agree,Disagree
c04322287e,2020-11-26T11:21:52Z,2020-11-26T11:28:12Z,Agree,Somewhat agree,Somewhat agree,Strongly agree,Agree,Neither agree nor disagree,Strongly agree
48aec8a86c,2020-11-27T09:17:55Z,2020-11-27T09:18:47Z,Strongly agree,Strongly disagree,Agree,Agree,Somewhat disagree,Strongly disagree,Strongly agree
9995d64e32,2020-11-26T14:15:33Z,2020-11-26T14:16:48Z,Somewhat disagree,Strongly agree,Neither agree nor disagree,Agree,Disagree,Agree,Strongly agree
e75d626948,2020-11-27T09:15:05Z,2020-11-27T09:16:25Z,Somewhat agree,Agree,Agree,Somewhat disagree,Agree,Agree,Agree
db59d4586a,2020-11-26T09:20:25Z,2020-11-26T09:21:24Z,Somewhat agree,Somewhat disagree,Agree,Strongly agree,Agree,Somewhat disagree,Somewhat disagree
f73160e99c,2020-11-26T03:05:53Z,2020-11-26T03:06:58Z,Somewhat disagree,Somewhat agree,Agree,Agree,Somewhat disagree,Neither agree nor disagree,Strongly agree
7fab0e3529,2020-11-26T14:13:54Z,2020-11-26T14:14:53Z,Strongly disagree,Strongly disagree,Strongly disagree,Strongly disagree,Strongly disagree,Somewhat disagree,Somewhat agree
7fab0e3529,2020-11-26T14:14:13Z,2020-11-26T14:15:12Z,Strongly disagree,Strongly disagree,Strongly disagree,Strongly disagree,Strongly disagree,Somewhat disagree,Somewhat agree
4f8da97019,2020-11-26T14:18:27Z,2020-11-26T14:20:27Z,Agree,Somewhat agree,Neither agree nor disagree,Neither agree nor disagree,Neither agree nor disagree,Somewhat disagree,Somewhat agree
ffe87965a8,2020-11-27T11:16:29Z,2020-11-27T11:17:33Z,Agree,Somewhat agree,Somewhat disagree,Agree,Agree,Neither agree nor disagree,Agree
7e3abf5784,2020-11-27T14:10:29Z,2020-11-27T14:17:28Z,Agree,Strongly disagree,Strongly agree,Agree,Agree,Strongly disagree,Strongly agree
5429d7c472,2020-11-27T11:19:22Z,2020-11-27T11:20:42Z,Somewhat agree,Somewhat agree,Somewhat agree,Strongly agree,Somewhat agree,Somewhat agree,Somewhat agree
be71d29fd7,2020-11-26T09:35:40Z,2020-11-26T09:36:39Z,Agree,Somewhat disagree,Somewhat agree,Agree,Agree,Disagree,Somewhat agree
b4dbf244b7,2020-11-27T14:11:00Z,2020-11-27T14:11:45Z,Agree,Somewhat disagree,Agree,Agree,Strongly agree,Disagree,Strongly agree
873236ee4e,2020-11-26T09:12:56Z,2020-11-26T09:13:36Z,Somewhat agree,Somewhat agree,Somewhat agree,Somewhat agree,Neither agree nor disagree,Agree,Agree
ed945ff1d6,2020-11-27T09:12:12Z,2020-11-27T09:13:03Z,Somewhat agree,Agree,Disagree,Strongly agree,Disagree,Agree,Strongly disagree
d92e539706,2020-11-26T09:14:19Z,2020-11-26T09:17:16Z,Disagree,Somewhat agree,Somewhat agree,Somewhat agree,Somewhat agree,Agree,Strongly agree
6039862e1d,2020-11-26T09:40:07Z,2020-11-26T09:41:39Z,Agree,Disagree,Agree,Somewhat agree,Somewhat agree,Disagree,Strongly agree
faf4e76cd7,2020-11-27T14:14:45Z,2020-11-27T14:15:40Z,Somewhat agree,Somewhat disagree,Somewhat agree,Agree,Disagree,Somewhat agree,Somewhat disagree
5146a2a9c3,2020-11-27T14:17:30Z,2020-11-27T14:18:33Z,Neither agree nor disagree,Somewhat agree,Agree,Agree,Somewhat disagree,Disagree,Agree
08355b9d0a,2020-11-27T09:16:08Z,2020-11-27T09:17:05Z,Agree,Somewhat agree,Agree,Strongly agree,Strongly agree,Agree,Strongly agree
5b48721f8a,2020-11-26T11:26:37Z,2020-11-26T11:27:24Z,Somewhat agree,Somewhat disagree,Somewhat agree,Agree,Strongly agree,Somewhat disagree,Agree
0aa00897ec,2020-11-27T09:22:39Z,2020-11-27T09:27:09Z,Strongly disagree,Strongly agree,Disagree,Somewhat agree,Disagree,Strongly agree,Strongly agree
c61c6925cb,2020-11-26T09:19:34Z,2020-11-26T09:20:08Z,Strongly agree,Neither agree nor disagree,Neither agree nor disagree,Strongly agree,Disagree,Somewhat disagree,Strongly agree
db6c9a11cc,2020-11-27T11:17:17Z,2020-11-27T11:18:59Z,Somewhat agree,Agree,Agree,Agree,Agree,Somewhat agree,Agree
7bc47305d9,2020-11-27T11:12:04Z,2020-11-27T11:13:33Z,Neither agree nor disagree,Somewhat agree,Somewhat agree,Agree,Disagree,Somewhat agree,Strongly agree
cda5e493b6,2020-11-26T09:13:14Z,2020-11-26T09:14:09Z,Somewhat agree,Somewhat disagree,Somewhat agree,Strongly agree,Somewhat disagree,Disagree,Strongly agree
bebede31aa,2020-11-27T14:13:21Z,2020-11-27T14:14:01Z,Somewhat agree,Agree,Strongly disagree,Somewhat disagree,Disagree,Somewhat disagree,Strongly agree
c457cdc907,2020-11-26T11:11:23Z,2020-11-26T11:11:57Z,Agree,Somewhat disagree,Agree,Agree,Somewhat disagree,Somewhat disagree,Strongly agree
1c504da715,2020-11-27T09:16:48Z,2020-11-27T09:17:40Z,Somewhat agree,Somewhat agree,Agree,Strongly agree,Somewhat agree,Somewhat agree,Strongly agree
2440d0cd13,2020-11-27T09:17:18Z,2020-11-27T09:17:58Z,Agree,Somewhat agree,Agree,Strongly agree,Somewhat agree,Agree,Somewhat agree
fb7fdb74c2,2020-11-27T14:21:18Z,2020-11-27T14:21:50Z,Somewhat agree,Neither agree nor disagree,Agree,Agree,Somewhat agree,Disagree,Agree
d6c438997a,2020-11-27T09:12:45Z,2020-11-27T09:14:57Z,Strongly agree,Disagree,Somewhat agree,Strongly agree,Strongly agree,Somewhat disagree,Agree
02bc11a171,2020-11-26T11:13:59Z,2020-11-26T11:15:00Z,Somewhat agree,Somewhat agree,Agree,Agree,Agree,Agree,Strongly agree
24a9bc5884,2020-11-26T11:12:07Z,2020-11-26T11:14:37Z,Agree,Disagree,Somewhat agree,Strongly agree,Agree,Strongly disagree,Strongly agree
17c753a6ca,2020-11-27T14:26:01Z,2020-11-27T14:26:09Z,Somewhat disagree,Disagree,Somewhat agree,Agree,Agree,Somewhat disagree,Agree
